S_INFO_WINDCODE,S_INFO_CODE,S_INFO_NAME,LIST_DATE,DELIST_DATE,LAST_TRADE_DATE,MULTIPLIER,TICK_SIZE
IC2311.CFE,IC,中证500股指期货,20150416,,"合约到期月份的第三个周五,遇法定节假日顺延(非完整周)",200.0,0.2指数点
IF2311.CFE,IF,沪深300期货,20100416,,"合约到期月份的第三个周五,遇法定节假日顺延(非完整周)",300.0,0.2指数点
IM2311.CFE,IM,中证1000股指期货,20220722,,"合约到期月份的第三个周五,遇法定节假日顺延(非完整周)",200.0,0.2指数点
IC1805.CFE,IC,中证500股指期货,20150416,,"合约到期月份的第三个周五,遇法定节假日顺延(非完整周)",200.0,0.2指数点
IF1805.CFE,IF,沪深300期货,20100416,,"合约到期月份的第三个周五,遇法定节假日顺延(非完整周)",300.0,0.2指数点
IC2006.CFE,IC,中证500股指期货,20150416,,"合约到期月份的第三个周五,遇法定节假日顺延(非完整周)",200.0,0.2指数点
IF2006.CFE,IF,沪深300期货,20100416,,"合约到期月份的第三个周五,遇法定节假日顺延(非完整周)",300.0,0.2指数点
IF1507.CFE,IF,沪深300期货,20100416,,"合约到期月份的第三个周五,遇法定节假日顺延(非完整周)",300.0,0.2指数点
IC1507.CFE,IC,中证500股指期货,20150416,,"合约到期月份的第三个周五,遇法定节假日顺延(非完整周)",200.0,0.2指数点
IF1109.CFE,IF,沪深300期货,20100416,,"合约到期月份的第三个周五,遇法定节假日顺延(非完整周)",300.0,0.2指数点
IC1709.CFE,IC,中证500股指期货,20150416,,"合约到期月份的第三个周五,遇法定节假日顺延(非完整周)",200.0,0.2指数点
IF1709.CFE,IF,沪深300期货,20100416,,"合约到期月份的第三个周五,遇法定节假日顺延(非完整周)",300.0,0.2指数点
IM_S1704.SHF,IM_S,上期有色金属期货价格指数期货(仿真),20140519,,合约到期月份的倒数第五个交易日（春节所在月份可根据国家规定的放假安排进行调整）,10.0,0.2指数点
IF1704.CFE,IF,沪深300期货,20100416,,"合约到期月份的第三个周五,遇法定节假日顺延(非完整周)",300.0,0.2指数点
IC1704.CFE,IC,中证500股指期货,20150416,,"合约到期月份的第三个周五,遇法定节假日顺延(非完整周)",200.0,0.2指数点
IF1007.CFE,IF,沪深300期货,20100416,,"合约到期月份的第三个周五,遇法定节假日顺延(非完整周)",300.0,0.2指数点
IF1009.CFE,IF,沪深300期货,20100416,,"合约到期月份的第三个周五,遇法定节假日顺延(非完整周)",300.0,0.2指数点
IF1005.CFE,IF,沪深300期货,20100416,,"合约到期月份的第三个周五,遇法定节假日顺延(非完整周)",300.0,0.2指数点
IF1012.CFE,IF,沪深300期货,20100416,,"合约到期月份的第三个周五,遇法定节假日顺延(非完整周)",300.0,0.2指数点
IF1107.CFE,IF,沪深300期货,20100416,,"合约到期月份的第三个周五,遇法定节假日顺延(非完整周)",300.0,0.2指数点
IF1209.CFE,IF,沪深300期货,20100416,,"合约到期月份的第三个周五,遇法定节假日顺延(非完整周)",300.0,0.2指数点
IF1204.CFE,IF,沪深300期货,20100416,,"合约到期月份的第三个周五,遇法定节假日顺延(非完整周)",300.0,0.2指数点
IM_S1601.SHF,IM_S,上期有色金属期货价格指数期货(仿真),20140519,,合约到期月份的倒数第五个交易日（春节所在月份可根据国家规定的放假安排进行调整）,10.0,0.2指数点
IF1511.CFE,IF,沪深300期货,20100416,,"合约到期月份的第三个周五,遇法定节假日顺延(非完整周)",300.0,0.2指数点
IF1108.CFE,IF,沪深300期货,20100416,,"合约到期月份的第三个周五,遇法定节假日顺延(非完整周)",300.0,0.2指数点
IM_S1812.SHF,IM_S,上期有色金属期货价格指数期货(仿真),20140519,,合约到期月份的倒数第五个交易日（春节所在月份可根据国家规定的放假安排进行调整）,10.0,0.2指数点
IF1010.CFE,IF,沪深300期货,20100416,,"合约到期月份的第三个周五,遇法定节假日顺延(非完整周)",300.0,0.2指数点
IF1512.CFE,IF,沪深300期货,20100416,,"合约到期月份的第三个周五,遇法定节假日顺延(非完整周)",300.0,0.2指数点
IC1910.CFE,IC,中证500股指期货,20150416,,"合约到期月份的第三个周五,遇法定节假日顺延(非完整周)",200.0,0.2指数点
IM_S1910.SHF,IM_S,上期有色金属期货价格指数期货(仿真),20140519,,合约到期月份的倒数第五个交易日（春节所在月份可根据国家规定的放假安排进行调整）,10.0,0.2指数点
IFM0611.CFE,IFM,沪深300期货(仿真),20061030,20100415,"合约到期月份的第三个周五,遇法定节假日顺延(非完整周)",300.0,0.2指数点
IFM0612.CFE,IFM,沪深300期货(仿真),20061030,20100415,"合约到期月份的第三个周五,遇法定节假日顺延(非完整周)",300.0,0.2指数点
IFM0908.CFE,IFM,沪深300期货(仿真),20061030,20100415,"合约到期月份的第三个周五,遇法定节假日顺延(非完整周)",300.0,0.2指数点
IFM0910.CFE,IFM,沪深300期货(仿真),20061030,20100415,"合约到期月份的第三个周五,遇法定节假日顺延(非完整周)",300.0,0.2指数点
IM_S1505.SHF,IM_S,上期有色金属期货价格指数期货(仿真),20140519,,合约到期月份的倒数第五个交易日（春节所在月份可根据国家规定的放假安排进行调整）,10.0,0.2指数点
IF1505.CFE,IF,沪深300期货,20100416,,"合约到期月份的第三个周五,遇法定节假日顺延(非完整周)",300.0,0.2指数点
IM_S1603.SHF,IM_S,上期有色金属期货价格指数期货(仿真),20140519,,合约到期月份的倒数第五个交易日（春节所在月份可根据国家规定的放假安排进行调整）,10.0,0.2指数点
IF2103.CFE,IF,沪深300期货,20100416,,"合约到期月份的第三个周五,遇法定节假日顺延(非完整周)",300.0,0.2指数点
IM2210.CFE,IM,中证1000股指期货,20220722,,"合约到期月份的第三个周五,遇法定节假日顺延(非完整周)",200.0,0.2指数点
IC2210.CFE,IC,中证500股指期货,20150416,,"合约到期月份的第三个周五,遇法定节假日顺延(非完整周)",200.0,0.2指数点
IF2210.CFE,IF,沪深300期货,20100416,,"合约到期月份的第三个周五,遇法定节假日顺延(非完整周)",300.0,0.2指数点
IM_S1412.SHF,IM_S,上期有色金属期货价格指数期货(仿真),20140519,,合约到期月份的倒数第五个交易日（春节所在月份可根据国家规定的放假安排进行调整）,10.0,0.2指数点
IM_S1409.SHF,IM_S,上期有色金属期货价格指数期货(仿真),20140519,,合约到期月份的倒数第五个交易日（春节所在月份可根据国家规定的放假安排进行调整）,10.0,0.2指数点
IM_S1408.SHF,IM_S,上期有色金属期货价格指数期货(仿真),20140519,,合约到期月份的倒数第五个交易日（春节所在月份可根据国家规定的放假安排进行调整）,10.0,0.2指数点
IF1402.CFE,IF,沪深300期货,20100416,,"合约到期月份的第三个周五,遇法定节假日顺延(非完整周)",300.0,0.2指数点
IF2305.CFE,IF,沪深300期货,20100416,,"合约到期月份的第三个周五,遇法定节假日顺延(非完整周)",300.0,0.2指数点
IM2305.CFE,IM,中证1000股指期货,20220722,,"合约到期月份的第三个周五,遇法定节假日顺延(非完整周)",200.0,0.2指数点
IF2005.CFE,IF,沪深300期货,20100416,,"合约到期月份的第三个周五,遇法定节假日顺延(非完整周)",300.0,0.2指数点
IC2005.CFE,IC,中证500股指期货,20150416,,"合约到期月份的第三个周五,遇法定节假日顺延(非完整周)",200.0,0.2指数点
IC2003.CFE,IC,中证500股指期货,20150416,,"合约到期月份的第三个周五,遇法定节假日顺延(非完整周)",200.0,0.2指数点
IF2003.CFE,IF,沪深300期货,20100416,,"合约到期月份的第三个周五,遇法定节假日顺延(非完整周)",300.0,0.2指数点
IF1304.CFE,IF,沪深300期货,20100416,,"合约到期月份的第三个周五,遇法定节假日顺延(非完整周)",300.0,0.2指数点
IF1602.CFE,IF,沪深300期货,20100416,,"合约到期月份的第三个周五,遇法定节假日顺延(非完整周)",300.0,0.2指数点
IC1602.CFE,IC,中证500股指期货,20150416,,"合约到期月份的第三个周五,遇法定节假日顺延(非完整周)",200.0,0.2指数点
IF1006.CFE,IF,沪深300期货,20100416,,"合约到期月份的第三个周五,遇法定节假日顺延(非完整周)",300.0,0.2指数点
IF1112.CFE,IF,沪深300期货,20100416,,"合约到期月份的第三个周五,遇法定节假日顺延(非完整周)",300.0,0.2指数点
IFM0907.CFE,IFM,沪深300期货(仿真),20061030,20100415,"合约到期月份的第三个周五,遇法定节假日顺延(非完整周)",300.0,0.2指数点
IFM1005.CFE,IFM,沪深300期货(仿真),20061030,20100415,"合约到期月份的第三个周五,遇法定节假日顺延(非完整周)",300.0,0.2指数点
IFM1009.CFE,IFM,沪深300期货(仿真),20061030,20100415,"合约到期月份的第三个周五,遇法定节假日顺延(非完整周)",300.0,0.2指数点
IF2211.CFE,IF,沪深300期货,20100416,,"合约到期月份的第三个周五,遇法定节假日顺延(非完整周)",300.0,0.2指数点
IM2211.CFE,IM,中证1000股指期货,20220722,,"合约到期月份的第三个周五,遇法定节假日顺延(非完整周)",200.0,0.2指数点
IC2211.CFE,IC,中证500股指期货,20150416,,"合约到期月份的第三个周五,遇法定节假日顺延(非完整周)",200.0,0.2指数点
IFM1012.CFE,IFM,沪深300期货(仿真),20061030,20100415,"合约到期月份的第三个周五,遇法定节假日顺延(非完整周)",300.0,0.2指数点
IF1308.CFE,IF,沪深300期货,20100416,,"合约到期月份的第三个周五,遇法定节假日顺延(非完整周)",300.0,0.2指数点
IF1307.CFE,IF,沪深300期货,20100416,,"合约到期月份的第三个周五,遇法定节假日顺延(非完整周)",300.0,0.2指数点
IF1905.CFE,IF,沪深300期货,20100416,,"合约到期月份的第三个周五,遇法定节假日顺延(非完整周)",300.0,0.2指数点
IC1905.CFE,IC,中证500股指期货,20150416,,"合约到期月份的第三个周五,遇法定节假日顺延(非完整周)",200.0,0.2指数点
IM_S1902.SHF,IM_S,上期有色金属期货价格指数期货(仿真),20140519,,合约到期月份的倒数第五个交易日（春节所在月份可根据国家规定的放假安排进行调整）,10.0,0.2指数点
IC1907.CFE,IC,中证500股指期货,20150416,,"合约到期月份的第三个周五,遇法定节假日顺延(非完整周)",200.0,0.2指数点
IC1802.CFE,IC,中证500股指期货,20150416,,"合约到期月份的第三个周五,遇法定节假日顺延(非完整周)",200.0,0.2指数点
IC1803.CFE,IC,中证500股指期货,20150416,,"合约到期月份的第三个周五,遇法定节假日顺延(非完整周)",200.0,0.2指数点
IC2001.CFE,IC,中证500股指期货,20150416,,"合约到期月份的第三个周五,遇法定节假日顺延(非完整周)",200.0,0.2指数点
IC2002.CFE,IC,中证500股指期货,20150416,,"合约到期月份的第三个周五,遇法定节假日顺延(非完整周)",200.0,0.2指数点
IF1312.CFE,IF,沪深300期货,20100416,,"合约到期月份的第三个周五,遇法定节假日顺延(非完整周)",300.0,0.2指数点
IM_S1901.SHF,IM_S,上期有色金属期货价格指数期货(仿真),20140519,,合约到期月份的倒数第五个交易日（春节所在月份可根据国家规定的放假安排进行调整）,10.0,0.2指数点
IF1906.CFE,IF,沪深300期货,20100416,,"合约到期月份的第三个周五,遇法定节假日顺延(非完整周)",300.0,0.2指数点
IC1906.CFE,IC,中证500股指期货,20150416,,"合约到期月份的第三个周五,遇法定节假日顺延(非完整周)",200.0,0.2指数点
IM_S1702.SHF,IM_S,上期有色金属期货价格指数期货(仿真),20140519,,合约到期月份的倒数第五个交易日（春节所在月份可根据国家规定的放假安排进行调整）,10.0,0.2指数点
IF2307.CFE,IF,沪深300期货,20100416,,"合约到期月份的第三个周五,遇法定节假日顺延(非完整周)",300.0,0.2指数点
IM2307.CFE,IM,中证1000股指期货,20220722,,"合约到期月份的第三个周五,遇法定节假日顺延(非完整周)",200.0,0.2指数点
IF2402.CFE,IF,沪深300期货,20100416,,"合约到期月份的第三个周五,遇法定节假日顺延(非完整周)",300.0,0.2指数点
IC1711.CFE,IC,中证500股指期货,20150416,,"合约到期月份的第三个周五,遇法定节假日顺延(非完整周)",200.0,0.2指数点
IF1711.CFE,IF,沪深300期货,20100416,,"合约到期月份的第三个周五,遇法定节假日顺延(非完整周)",300.0,0.2指数点
IF1011.CFE,IF,沪深300期货,20100416,,"合约到期月份的第三个周五,遇法定节假日顺延(非完整周)",300.0,0.2指数点
IF1211.CFE,IF,沪深300期货,20100416,,"合约到期月份的第三个周五,遇法定节假日顺延(非完整周)",300.0,0.2指数点
IC2208.CFE,IC,中证500股指期货,20150416,,"合约到期月份的第三个周五,遇法定节假日顺延(非完整周)",200.0,0.2指数点
IF2208.CFE,IF,沪深300期货,20100416,,"合约到期月份的第三个周五,遇法定节假日顺延(非完整周)",300.0,0.2指数点
IM_S1502.SHF,IM_S,上期有色金属期货价格指数期货(仿真),20140519,,合约到期月份的倒数第五个交易日（春节所在月份可根据国家规定的放假安排进行调整）,10.0,0.2指数点
IM_S1509.SHF,IM_S,上期有色金属期货价格指数期货(仿真),20140519,,合约到期月份的倒数第五个交易日（春节所在月份可根据国家规定的放假安排进行调整）,10.0,0.2指数点
IF1401.CFE,IF,沪深300期货,20100416,,"合约到期月份的第三个周五,遇法定节假日顺延(非完整周)",300.0,0.2指数点
IF2007.CFE,IF,沪深300期货,20100416,,"合约到期月份的第三个周五,遇法定节假日顺延(非完整周)",300.0,0.2指数点
IF2102.CFE,IF,沪深300期货,20100416,,"合约到期月份的第三个周五,遇法定节假日顺延(非完整周)",300.0,0.2指数点
IC2102.CFE,IC,中证500股指期货,20150416,,"合约到期月份的第三个周五,遇法定节假日顺延(非完整周)",200.0,0.2指数点
IC2110.CFE,IC,中证500股指期货,20150416,,"合约到期月份的第三个周五,遇法定节假日顺延(非完整周)",200.0,0.2指数点
IF2110.CFE,IF,沪深300期货,20100416,,"合约到期月份的第三个周五,遇法定节假日顺延(非完整周)",300.0,0.2指数点
IF1008.CFE,IF,沪深300期货,20100416,,"合约到期月份的第三个周五,遇法定节假日顺延(非完整周)",300.0,0.2指数点
IC2011.CFE,IC,中证500股指期货,20150416,,"合约到期月份的第三个周五,遇法定节假日顺延(非完整周)",200.0,0.2指数点
IF2011.CFE,IF,沪深300期货,20100416,,"合约到期月份的第三个周五,遇法定节假日顺延(非完整周)",300.0,0.2指数点
IC2010.CFE,IC,中证500股指期货,20150416,,"合约到期月份的第三个周五,遇法定节假日顺延(非完整周)",200.0,0.2指数点
IF2010.CFE,IF,沪深300期货,20100416,,"合约到期月份的第三个周五,遇法定节假日顺延(非完整周)",300.0,0.2指数点
IF2008.CFE,IF,沪深300期货,20100416,,"合约到期月份的第三个周五,遇法定节假日顺延(非完整周)",300.0,0.2指数点
IC2009.CFE,IC,中证500股指期货,20150416,,"合约到期月份的第三个周五,遇法定节假日顺延(非完整周)",200.0,0.2指数点
IF2009.CFE,IF,沪深300期货,20100416,,"合约到期月份的第三个周五,遇法定节假日顺延(非完整周)",300.0,0.2指数点
IM_S1506.SHF,IM_S,上期有色金属期货价格指数期货(仿真),20140519,,合约到期月份的倒数第五个交易日（春节所在月份可根据国家规定的放假安排进行调整）,10.0,0.2指数点
IF1506.CFE,IF,沪深300期货,20100416,,"合约到期月份的第三个周五,遇法定节假日顺延(非完整周)",300.0,0.2指数点
IM_S1904.SHF,IM_S,上期有色金属期货价格指数期货(仿真),20140519,,合约到期月份的倒数第五个交易日（春节所在月份可根据国家规定的放假安排进行调整）,10.0,0.2指数点
IF1409.CFE,IF,沪深300期货,20100416,,"合约到期月份的第三个周五,遇法定节假日顺延(非完整周)",300.0,0.2指数点
IC1612.CFE,IC,中证500股指期货,20150416,,"合约到期月份的第三个周五,遇法定节假日顺延(非完整周)",200.0,0.2指数点
IF1612.CFE,IF,沪深300期货,20100416,,"合约到期月份的第三个周五,遇法定节假日顺延(非完整周)",300.0,0.2指数点
IC1908.CFE,IC,中证500股指期货,20150416,,"合约到期月份的第三个周五,遇法定节假日顺延(非完整周)",200.0,0.2指数点
IM_S1707.SHF,IM_S,上期有色金属期货价格指数期货(仿真),20140519,,合约到期月份的倒数第五个交易日（春节所在月份可根据国家规定的放假安排进行调整）,10.0,0.2指数点
IF1503.CFE,IF,沪深300期货,20100416,,"合约到期月份的第三个周五,遇法定节假日顺延(非完整周)",300.0,0.2指数点
IM_S1512.SHF,IM_S,上期有色金属期货价格指数期货(仿真),20140519,,合约到期月份的倒数第五个交易日（春节所在月份可根据国家规定的放假安排进行调整）,10.0,0.2指数点
IC1512.CFE,IC,中证500股指期货,20150416,,"合约到期月份的第三个周五,遇法定节假日顺延(非完整周)",200.0,0.2指数点
IC1509.CFE,IC,中证500股指期货,20150416,,"合约到期月份的第三个周五,遇法定节假日顺延(非完整周)",200.0,0.2指数点
IC1506.CFE,IC,中证500股指期货,20150416,,"合约到期月份的第三个周五,遇法定节假日顺延(非完整周)",200.0,0.2指数点
IC1505.CFE,IC,中证500股指期货,20150416,,"合约到期月份的第三个周五,遇法定节假日顺延(非完整周)",200.0,0.2指数点
IC1808.CFE,IC,中证500股指期货,20150416,,"合约到期月份的第三个周五,遇法定节假日顺延(非完整周)",200.0,0.2指数点
IF1808.CFE,IF,沪深300期货,20100416,,"合约到期月份的第三个周五,遇法定节假日顺延(非完整周)",300.0,0.2指数点
IM_S1706.SHF,IM_S,上期有色金属期货价格指数期货(仿真),20140519,,合约到期月份的倒数第五个交易日（春节所在月份可根据国家规定的放假安排进行调整）,10.0,0.2指数点
IC1611.CFE,IC,中证500股指期货,20150416,,"合约到期月份的第三个周五,遇法定节假日顺延(非完整周)",200.0,0.2指数点
IF1611.CFE,IF,沪深300期货,20100416,,"合约到期月份的第三个周五,遇法定节假日顺延(非完整周)",300.0,0.2指数点
IM_S1604.SHF,IM_S,上期有色金属期货价格指数期货(仿真),20140519,,合约到期月份的倒数第五个交易日（春节所在月份可根据国家规定的放假安排进行调整）,10.0,0.2指数点
IM_S1811.SHF,IM_S,上期有色金属期货价格指数期货(仿真),20140519,,合约到期月份的倒数第五个交易日（春节所在月份可根据国家规定的放假安排进行调整）,10.0,0.2指数点
IM_S1609.SHF,IM_S,上期有色金属期货价格指数期货(仿真),20140519,,合约到期月份的倒数第五个交易日（春节所在月份可根据国家规定的放假安排进行调整）,10.0,0.2指数点
IF1609.CFE,IF,沪深300期货,20100416,,"合约到期月份的第三个周五,遇法定节假日顺延(非完整周)",300.0,0.2指数点
IC1609.CFE,IC,中证500股指期货,20150416,,"合约到期月份的第三个周五,遇法定节假日顺延(非完整周)",200.0,0.2指数点
IF2412.CFE,IF,沪深300期货,20100416,,"合约到期月份的第三个周五,遇法定节假日顺延(非完整周)",300.0,0.2指数点
IM_S1510.SHF,IM_S,上期有色金属期货价格指数期货(仿真),20140519,,合约到期月份的倒数第五个交易日（春节所在月份可根据国家规定的放假安排进行调整）,10.0,0.2指数点
IC2007.CFE,IC,中证500股指期货,20150416,,"合约到期月份的第三个周五,遇法定节假日顺延(非完整周)",200.0,0.2指数点
IF1907.CFE,IF,沪深300期货,20100416,,"合约到期月份的第三个周五,遇法定节假日顺延(非完整周)",300.0,0.2指数点
IM_S1908.SHF,IM_S,上期有色金属期货价格指数期货(仿真),20140519,,合约到期月份的倒数第五个交易日（春节所在月份可根据国家规定的放假安排进行调整）,10.0,0.2指数点
IM_S1501.SHF,IM_S,上期有色金属期货价格指数期货(仿真),20140519,,合约到期月份的倒数第五个交易日（春节所在月份可根据国家规定的放假安排进行调整）,10.0,0.2指数点
IF2312.CFE,IF,沪深300期货,20100416,,"合约到期月份的第三个周五,遇法定节假日顺延(非完整周)",300.0,0.2指数点
IM2312.CFE,IM,中证1000股指期货,20220722,,"合约到期月份的第三个周五,遇法定节假日顺延(非完整周)",200.0,0.2指数点
IC2201.CFE,IC,中证500股指期货,20150416,,"合约到期月份的第三个周五,遇法定节假日顺延(非完整周)",200.0,0.2指数点
IF2201.CFE,IF,沪深300期货,20100416,,"合约到期月份的第三个周五,遇法定节假日顺延(非完整周)",300.0,0.2指数点
IF1305.CFE,IF,沪深300期货,20100416,,"合约到期月份的第三个周五,遇法定节假日顺延(非完整周)",300.0,0.2指数点
IM2405.CFE,IM,中证1000股指期货,20220722,,"合约到期月份的第三个周五,遇法定节假日顺延(非完整周)",200.0,0.2指数点
IC2401.CFE,IC,中证500股指期货,20150416,,"合约到期月份的第三个周五,遇法定节假日顺延(非完整周)",200.0,0.2指数点
IF2401.CFE,IF,沪深300期货,20100416,,"合约到期月份的第三个周五,遇法定节假日顺延(非完整周)",300.0,0.2指数点
IM2401.CFE,IM,中证1000股指期货,20220722,,"合约到期月份的第三个周五,遇法定节假日顺延(非完整周)",200.0,0.2指数点
IF1510.CFE,IF,沪深300期货,20100416,,"合约到期月份的第三个周五,遇法定节假日顺延(非完整周)",300.0,0.2指数点
IM_S1511.SHF,IM_S,上期有色金属期货价格指数期货(仿真),20140519,,合约到期月份的倒数第五个交易日（春节所在月份可根据国家规定的放假安排进行调整）,10.0,0.2指数点
IC1510.CFE,IC,中证500股指期货,20150416,,"合约到期月份的第三个周五,遇法定节假日顺延(非完整周)",200.0,0.2指数点
IC1707.CFE,IC,中证500股指期货,20150416,,"合约到期月份的第三个周五,遇法定节假日顺延(非完整周)",200.0,0.2指数点
IF1707.CFE,IF,沪深300期货,20100416,,"合约到期月份的第三个周五,遇法定节假日顺延(非完整周)",300.0,0.2指数点
IM_S1803.SHF,IM_S,上期有色金属期货价格指数期货(仿真),20140519,,合约到期月份的倒数第五个交易日（春节所在月份可根据国家规定的放假安排进行调整）,10.0,0.2指数点
IF2108.CFE,IF,沪深300期货,20100416,,"合约到期月份的第三个周五,遇法定节假日顺延(非完整周)",300.0,0.2指数点
IC2108.CFE,IC,中证500股指期货,20150416,,"合约到期月份的第三个周五,遇法定节假日顺延(非完整周)",200.0,0.2指数点
IC1706.CFE,IC,中证500股指期货,20150416,,"合约到期月份的第三个周五,遇法定节假日顺延(非完整周)",200.0,0.2指数点
IF1706.CFE,IF,沪深300期货,20100416,,"合约到期月份的第三个周五,遇法定节假日顺延(非完整周)",300.0,0.2指数点
IF2207.CFE,IF,沪深300期货,20100416,,"合约到期月份的第三个周五,遇法定节假日顺延(非完整周)",300.0,0.2指数点
IC2207.CFE,IC,中证500股指期货,20150416,,"合约到期月份的第三个周五,遇法定节假日顺延(非完整周)",200.0,0.2指数点
IF1705.CFE,IF,沪深300期货,20100416,,"合约到期月份的第三个周五,遇法定节假日顺延(非完整周)",300.0,0.2指数点
IC1705.CFE,IC,中证500股指期货,20150416,,"合约到期月份的第三个周五,遇法定节假日顺延(非完整周)",200.0,0.2指数点
IFM1006.CFE,IFM,沪深300期货(仿真),20061030,20100415,"合约到期月份的第三个周五,遇法定节假日顺延(非完整周)",300.0,0.2指数点
IC2104.CFE,IC,中证500股指期货,20150416,,"合约到期月份的第三个周五,遇法定节假日顺延(非完整周)",200.0,0.2指数点
IF2104.CFE,IF,沪深300期货,20100416,,"合约到期月份的第三个周五,遇法定节假日顺延(非完整周)",300.0,0.2指数点
IM2302.CFE,IM,中证1000股指期货,20220722,,"合约到期月份的第三个周五,遇法定节假日顺延(非完整周)",200.0,0.2指数点
IF2302.CFE,IF,沪深300期货,20100416,,"合约到期月份的第三个周五,遇法定节假日顺延(非完整周)",300.0,0.2指数点
IC2204.CFE,IC,中证500股指期货,20150416,,"合约到期月份的第三个周五,遇法定节假日顺延(非完整周)",200.0,0.2指数点
IF2204.CFE,IF,沪深300期货,20100416,,"合约到期月份的第三个周五,遇法定节假日顺延(非完整周)",300.0,0.2指数点
IC2103.CFE,IC,中证500股指期货,20150416,,"合约到期月份的第三个周五,遇法定节假日顺延(非完整周)",200.0,0.2指数点
IC2203.CFE,IC,中证500股指期货,20150416,,"合约到期月份的第三个周五,遇法定节假日顺延(非完整周)",200.0,0.2指数点
IF2203.CFE,IF,沪深300期货,20100416,,"合约到期月份的第三个周五,遇法定节假日顺延(非完整周)",300.0,0.2指数点
IC2105.CFE,IC,中证500股指期货,20150416,,"合约到期月份的第三个周五,遇法定节假日顺延(非完整周)",200.0,0.2指数点
IF2109.CFE,IF,沪深300期货,20100416,,"合约到期月份的第三个周五,遇法定节假日顺延(非完整周)",300.0,0.2指数点
IFM1001.CFE,IFM,沪深300期货(仿真),20061030,20100415,"合约到期月份的第三个周五,遇法定节假日顺延(非完整周)",300.0,0.2指数点
IFM1002.CFE,IFM,沪深300期货(仿真),20061030,20100415,"合约到期月份的第三个周五,遇法定节假日顺延(非完整周)",300.0,0.2指数点
IC1712.CFE,IC,中证500股指期货,20150416,,"合约到期月份的第三个周五,遇法定节假日顺延(非完整周)",200.0,0.2指数点
IF1712.CFE,IF,沪深300期货,20100416,,"合约到期月份的第三个周五,遇法定节假日顺延(非完整周)",300.0,0.2指数点
IM_S1703.SHF,IM_S,上期有色金属期货价格指数期货(仿真),20140519,,合约到期月份的倒数第五个交易日（春节所在月份可根据国家规定的放假安排进行调整）,10.0,0.2指数点
IFM0904.CFE,IFM,沪深300期货(仿真),20061030,20100415,"合约到期月份的第三个周五,遇法定节假日顺延(非完整周)",300.0,0.2指数点
IFM0804.CFE,IFM,沪深300期货(仿真),20061030,20100415,"合约到期月份的第三个周五,遇法定节假日顺延(非完整周)",300.0,0.2指数点
IF1803.CFE,IF,沪深300期货,20100416,,"合约到期月份的第三个周五,遇法定节假日顺延(非完整周)",300.0,0.2指数点
IF1309.CFE,IF,沪深300期货,20100416,,"合约到期月份的第三个周五,遇法定节假日顺延(非完整周)",300.0,0.2指数点
IF1509.CFE,IF,沪深300期货,20100416,,"合约到期月份的第三个周五,遇法定节假日顺延(非完整周)",300.0,0.2指数点
IM_S1504.SHF,IM_S,上期有色金属期货价格指数期货(仿真),20140519,,合约到期月份的倒数第五个交易日（春节所在月份可根据国家规定的放假安排进行调整）,10.0,0.2指数点
IM_S1808.SHF,IM_S,上期有色金属期货价格指数期货(仿真),20140519,,合约到期月份的倒数第五个交易日（春节所在月份可根据国家规定的放假安排进行调整）,10.0,0.2指数点
IM_S1903.SHF,IM_S,上期有色金属期货价格指数期货(仿真),20140519,,合约到期月份的倒数第五个交易日（春节所在月份可根据国家规定的放假安排进行调整）,10.0,0.2指数点
IC2312.CFE,IC,中证500股指期货,20150416,,"合约到期月份的第三个周五,遇法定节假日顺延(非完整周)",200.0,0.2指数点
IC1608.CFE,IC,中证500股指期货,20150416,,"合约到期月份的第三个周五,遇法定节假日顺延(非完整周)",200.0,0.2指数点
IF1608.CFE,IF,沪深300期货,20100416,,"合约到期月份的第三个周五,遇法定节假日顺延(非完整周)",300.0,0.2指数点
IM_S1802.SHF,IM_S,上期有色金属期货价格指数期货(仿真),20140519,,合约到期月份的倒数第五个交易日（春节所在月份可根据国家规定的放假安排进行调整）,10.0,0.2指数点
IC1710.CFE,IC,中证500股指期货,20150416,,"合约到期月份的第三个周五,遇法定节假日顺延(非完整周)",200.0,0.2指数点
IC2106.CFE,IC,中证500股指期货,20150416,,"合约到期月份的第三个周五,遇法定节假日顺延(非完整周)",200.0,0.2指数点
IF2106.CFE,IF,沪深300期货,20100416,,"合约到期月份的第三个周五,遇法定节假日顺延(非完整周)",300.0,0.2指数点
IF1910.CFE,IF,沪深300期货,20100416,,"合约到期月份的第三个周五,遇法定节假日顺延(非完整周)",300.0,0.2指数点
IM_S1708.SHF,IM_S,上期有色金属期货价格指数期货(仿真),20140519,,合约到期月份的倒数第五个交易日（春节所在月份可根据国家规定的放假安排进行调整）,10.0,0.2指数点
IC2008.CFE,IC,中证500股指期货,20150416,,"合约到期月份的第三个周五,遇法定节假日顺延(非完整周)",200.0,0.2指数点
IM_S1801.SHF,IM_S,上期有色金属期货价格指数期货(仿真),20140519,,合约到期月份的倒数第五个交易日（春节所在月份可根据国家规定的放假安排进行调整）,10.0,0.2指数点
IF1703.CFE,IF,沪深300期货,20100416,,"合约到期月份的第三个周五,遇法定节假日顺延(非完整周)",300.0,0.2指数点
IC1703.CFE,IC,中证500股指期货,20150416,,"合约到期月份的第三个周五,遇法定节假日顺延(非完整周)",200.0,0.2指数点
IF1411.CFE,IF,沪深300期货,20100416,,"合约到期月份的第三个周五,遇法定节假日顺延(非完整周)",300.0,0.2指数点
IF1901.CFE,IF,沪深300期货,20100416,,"合约到期月份的第三个周五,遇法定节假日顺延(非完整周)",300.0,0.2指数点
IC1901.CFE,IC,中证500股指期货,20150416,,"合约到期月份的第三个周五,遇法定节假日顺延(非完整周)",200.0,0.2指数点
IF2308.CFE,IF,沪深300期货,20100416,,"合约到期月份的第三个周五,遇法定节假日顺延(非完整周)",300.0,0.2指数点
IM_S1710.SHF,IM_S,上期有色金属期货价格指数期货(仿真),20140519,,合约到期月份的倒数第五个交易日（春节所在月份可根据国家规定的放假安排进行调整）,10.0,0.2指数点
IM_S1711.SHF,IM_S,上期有色金属期货价格指数期货(仿真),20140519,,合约到期月份的倒数第五个交易日（春节所在月份可根据国家规定的放假安排进行调整）,10.0,0.2指数点
IF1710.CFE,IF,沪深300期货,20100416,,"合约到期月份的第三个周五,遇法定节假日顺延(非完整周)",300.0,0.2指数点
IC1806.CFE,IC,中证500股指期货,20150416,,"合约到期月份的第三个周五,遇法定节假日顺延(非完整周)",200.0,0.2指数点
IF1806.CFE,IF,沪深300期货,20100416,,"合约到期月份的第三个周五,遇法定节假日顺延(非完整周)",300.0,0.2指数点
IF2301.CFE,IF,沪深300期货,20100416,,"合约到期月份的第三个周五,遇法定节假日顺延(非完整周)",300.0,0.2指数点
IM2301.CFE,IM,中证1000股指期货,20220722,,"合约到期月份的第三个周五,遇法定节假日顺延(非完整周)",200.0,0.2指数点
IC2301.CFE,IC,中证500股指期货,20150416,,"合约到期月份的第三个周五,遇法定节假日顺延(非完整周)",200.0,0.2指数点
IM_S1905.SHF,IM_S,上期有色金属期货价格指数期货(仿真),20140519,,合约到期月份的倒数第五个交易日（春节所在月份可根据国家规定的放假安排进行调整）,10.0,0.2指数点
IC1904.CFE,IC,中证500股指期货,20150416,,"合约到期月份的第三个周五,遇法定节假日顺延(非完整周)",200.0,0.2指数点
IF1904.CFE,IF,沪深300期货,20100416,,"合约到期月份的第三个周五,遇法定节假日顺延(非完整周)",300.0,0.2指数点
IF1911.CFE,IF,沪深300期货,20100416,,"合约到期月份的第三个周五,遇法定节假日顺延(非完整周)",300.0,0.2指数点
IC1911.CFE,IC,中证500股指期货,20150416,,"合约到期月份的第三个周五,遇法定节假日顺延(非完整周)",200.0,0.2指数点
IM_S1911.SHF,IM_S,上期有色金属期货价格指数期货(仿真),20140519,,合约到期月份的倒数第五个交易日（春节所在月份可根据国家规定的放假安排进行调整）,10.0,0.2指数点
IF1807.CFE,IF,沪深300期货,20100416,,"合约到期月份的第三个周五,遇法定节假日顺延(非完整周)",300.0,0.2指数点
IC1807.CFE,IC,中证500股指期货,20150416,,"合约到期月份的第三个周五,遇法定节假日顺延(非完整周)",200.0,0.2指数点
IF2112.CFE,IF,沪深300期货,20100416,,"合约到期月份的第三个周五,遇法定节假日顺延(非完整周)",300.0,0.2指数点
IC2205.CFE,IC,中证500股指期货,20150416,,"合约到期月份的第三个周五,遇法定节假日顺延(非完整周)",200.0,0.2指数点
IF2205.CFE,IF,沪深300期货,20100416,,"合约到期月份的第三个周五,遇法定节假日顺延(非完整周)",300.0,0.2指数点
IC1811.CFE,IC,中证500股指期货,20150416,,"合约到期月份的第三个周五,遇法定节假日顺延(非完整周)",200.0,0.2指数点
IF1811.CFE,IF,沪深300期货,20100416,,"合约到期月份的第三个周五,遇法定节假日顺延(非完整周)",300.0,0.2指数点
IM_S1906.SHF,IM_S,上期有色金属期货价格指数期货(仿真),20140519,,合约到期月份的倒数第五个交易日（春节所在月份可根据国家规定的放假安排进行调整）,10.0,0.2指数点
IM_S1610.SHF,IM_S,上期有色金属期货价格指数期货(仿真),20140519,,合约到期月份的倒数第五个交易日（春节所在月份可根据国家规定的放假安排进行调整）,10.0,0.2指数点
IM_S1611.SHF,IM_S,上期有色金属期货价格指数期货(仿真),20140519,,合约到期月份的倒数第五个交易日（春节所在月份可根据国家规定的放假安排进行调整）,10.0,0.2指数点
IF1610.CFE,IF,沪深300期货,20100416,,"合约到期月份的第三个周五,遇法定节假日顺延(非完整周)",300.0,0.2指数点
IC1610.CFE,IC,中证500股指期货,20150416,,"合约到期月份的第三个周五,遇法定节假日顺延(非完整周)",200.0,0.2指数点
IFM0808.CFE,IFM,沪深300期货(仿真),20061030,20100415,"合约到期月份的第三个周五,遇法定节假日顺延(非完整周)",300.0,0.2指数点
IFM0809.CFE,IFM,沪深300期货(仿真),20061030,20100415,"合约到期月份的第三个周五,遇法定节假日顺延(非完整周)",300.0,0.2指数点
IFM0810.CFE,IFM,沪深300期货(仿真),20061030,20100415,"合约到期月份的第三个周五,遇法定节假日顺延(非完整周)",300.0,0.2指数点
IFM0811.CFE,IFM,沪深300期货(仿真),20061030,20100415,"合约到期月份的第三个周五,遇法定节假日顺延(非完整周)",300.0,0.2指数点
IFM0812.CFE,IFM,沪深300期货(仿真),20061030,20100415,"合约到期月份的第三个周五,遇法定节假日顺延(非完整周)",300.0,0.2指数点
IFM0901.CFE,IFM,沪深300期货(仿真),20061030,20100415,"合约到期月份的第三个周五,遇法定节假日顺延(非完整周)",300.0,0.2指数点
IFM0903.CFE,IFM,沪深300期货(仿真),20061030,20100415,"合约到期月份的第三个周五,遇法定节假日顺延(非完整周)",300.0,0.2指数点
IFM0905.CFE,IFM,沪深300期货(仿真),20061030,20100415,"合约到期月份的第三个周五,遇法定节假日顺延(非完整周)",300.0,0.2指数点
IFM0906.CFE,IFM,沪深300期货(仿真),20061030,20100415,"合约到期月份的第三个周五,遇法定节假日顺延(非完整周)",300.0,0.2指数点
IFM0909.CFE,IFM,沪深300期货(仿真),20061030,20100415,"合约到期月份的第三个周五,遇法定节假日顺延(非完整周)",300.0,0.2指数点
IC2302.CFE,IC,中证500股指期货,20150416,,"合约到期月份的第三个周五,遇法定节假日顺延(非完整周)",200.0,0.2指数点
IM_S1809.SHF,IM_S,上期有色金属期货价格指数期货(仿真),20140519,,合约到期月份的倒数第五个交易日（春节所在月份可根据国家规定的放假安排进行调整）,10.0,0.2指数点
IF1809.CFE,IF,沪深300期货,20100416,,"合约到期月份的第三个周五,遇法定节假日顺延(非完整周)",300.0,0.2指数点
IC1809.CFE,IC,中证500股指期货,20150416,,"合约到期月份的第三个周五,遇法定节假日顺延(非完整周)",200.0,0.2指数点
IM_S1805.SHF,IM_S,上期有色金属期货价格指数期货(仿真),20140519,,合约到期月份的倒数第五个交易日（春节所在月份可根据国家规定的放假安排进行调整）,10.0,0.2指数点
IC1804.CFE,IC,中证500股指期货,20150416,,"合约到期月份的第三个周五,遇法定节假日顺延(非完整周)",200.0,0.2指数点
IF1804.CFE,IF,沪深300期货,20100416,,"合约到期月份的第三个周五,遇法定节假日顺延(非完整周)",300.0,0.2指数点
IF1105.CFE,IF,沪深300期货,20100416,,"合约到期月份的第三个周五,遇法定节假日顺延(非完整周)",300.0,0.2指数点
IF1702.CFE,IF,沪深300期货,20100416,,"合约到期月份的第三个周五,遇法定节假日顺延(非完整周)",300.0,0.2指数点
IC1702.CFE,IC,中证500股指期货,20150416,,"合约到期月份的第三个周五,遇法定节假日顺延(非完整周)",200.0,0.2指数点
IF2403.CFE,IF,沪深300期货,20100416,,"合约到期月份的第三个周五,遇法定节假日顺延(非完整周)",300.0,0.2指数点
IC2403.CFE,IC,中证500股指期货,20150416,,"合约到期月份的第三个周五,遇法定节假日顺延(非完整周)",200.0,0.2指数点
IM2403.CFE,IM,中证1000股指期货,20220722,,"合约到期月份的第三个周五,遇法定节假日顺延(非完整周)",200.0,0.2指数点
IC2307.CFE,IC,中证500股指期货,20150416,,"合约到期月份的第三个周五,遇法定节假日顺延(非完整周)",200.0,0.2指数点
IF1101.CFE,IF,沪深300期货,20100416,,"合约到期月份的第三个周五,遇法定节假日顺延(非完整周)",300.0,0.2指数点
IF1502.CFE,IF,沪深300期货,20100416,,"合约到期月份的第三个周五,遇法定节假日顺延(非完整周)",300.0,0.2指数点
IM_S1407.SHF,IM_S,上期有色金属期货价格指数期货(仿真),20140519,,合约到期月份的倒数第五个交易日（春节所在月份可根据国家规定的放假安排进行调整）,10.0,0.2指数点
IM_S1406.SHF,IM_S,上期有色金属期货价格指数期货(仿真),20140519,,合约到期月份的倒数第五个交易日（春节所在月份可根据国家规定的放假安排进行调整）,10.0,0.2指数点
IM_S1606.SHF,IM_S,上期有色金属期货价格指数期货(仿真),20140519,,合约到期月份的倒数第五个交易日（春节所在月份可根据国家规定的放假安排进行调整）,10.0,0.2指数点
IF1605.CFE,IF,沪深300期货,20100416,,"合约到期月份的第三个周五,遇法定节假日顺延(非完整周)",300.0,0.2指数点
IC1605.CFE,IC,中证500股指期货,20150416,,"合约到期月份的第三个周五,遇法定节假日顺延(非完整周)",200.0,0.2指数点
IM_S1612.SHF,IM_S,上期有色金属期货价格指数期货(仿真),20140519,,合约到期月份的倒数第五个交易日（春节所在月份可根据国家规定的放假安排进行调整）,10.0,0.2指数点
IC2407.CFE,IC,中证500股指期货,20150416,,"合约到期月份的第三个周五,遇法定节假日顺延(非完整周)",200.0,0.2指数点
IF2407.CFE,IF,沪深300期货,20100416,,"合约到期月份的第三个周五,遇法定节假日顺延(非完整周)",300.0,0.2指数点
IM2407.CFE,IM,中证1000股指期货,20220722,,"合约到期月份的第三个周五,遇法定节假日顺延(非完整周)",200.0,0.2指数点
IC2402.CFE,IC,中证500股指期货,20150416,,"合约到期月份的第三个周五,遇法定节假日顺延(非完整周)",200.0,0.2指数点
IM2402.CFE,IM,中证1000股指期货,20220722,,"合约到期月份的第三个周五,遇法定节假日顺延(非完整周)",200.0,0.2指数点
IM_S1806.SHF,IM_S,上期有色金属期货价格指数期货(仿真),20140519,,合约到期月份的倒数第五个交易日（春节所在月份可根据国家规定的放假安排进行调整）,10.0,0.2指数点
IC2004.CFE,IC,中证500股指期货,20150416,,"合约到期月份的第三个周五,遇法定节假日顺延(非完整周)",200.0,0.2指数点
IF2004.CFE,IF,沪深300期货,20100416,,"合约到期月份的第三个周五,遇法定节假日顺延(非完整周)",300.0,0.2指数点
IF2002.CFE,IF,沪深300期货,20100416,,"合约到期月份的第三个周五,遇法定节假日顺延(非完整周)",300.0,0.2指数点
IF1504.CFE,IF,沪深300期货,20100416,,"合约到期月份的第三个周五,遇法定节假日顺延(非完整周)",300.0,0.2指数点
IF1603.CFE,IF,沪深300期货,20100416,,"合约到期月份的第三个周五,遇法定节假日顺延(非完整周)",300.0,0.2指数点
IC1603.CFE,IC,中证500股指期货,20150416,,"合约到期月份的第三个周五,遇法定节假日顺延(非完整周)",200.0,0.2指数点
IF1208.CFE,IF,沪深300期货,20100416,,"合约到期月份的第三个周五,遇法定节假日顺延(非完整周)",300.0,0.2指数点
IM_S1507.SHF,IM_S,上期有色金属期货价格指数期货(仿真),20140519,,合约到期月份的倒数第五个交易日（春节所在月份可根据国家规定的放假安排进行调整）,10.0,0.2指数点
IC2404.CFE,IC,中证500股指期货,20150416,,"合约到期月份的第三个周五,遇法定节假日顺延(非完整周)",200.0,0.2指数点
IF2404.CFE,IF,沪深300期货,20100416,,"合约到期月份的第三个周五,遇法定节假日顺延(非完整周)",300.0,0.2指数点
IM2404.CFE,IM,中证1000股指期货,20220722,,"合约到期月份的第三个周五,遇法定节假日顺延(非完整周)",200.0,0.2指数点
IM2208.CFE,IM,中证1000股指期货,20220722,,"合约到期月份的第三个周五,遇法定节假日顺延(非完整周)",200.0,0.2指数点
IM2209.CFE,IM,中证1000股指期货,20220722,,"合约到期月份的第三个周五,遇法定节假日顺延(非完整周)",200.0,0.2指数点
IM2212.CFE,IM,中证1000股指期货,20220722,,"合约到期月份的第三个周五,遇法定节假日顺延(非完整周)",200.0,0.2指数点
IM2303.CFE,IM,中证1000股指期货,20220722,,"合约到期月份的第三个周五,遇法定节假日顺延(非完整周)",200.0,0.2指数点
IF2001.CFE,IF,沪深300期货,20100416,,"合约到期月份的第三个周五,遇法定节假日顺延(非完整周)",300.0,0.2指数点
IF1810.CFE,IF,沪深300期货,20100416,,"合约到期月份的第三个周五,遇法定节假日顺延(非完整周)",300.0,0.2指数点
IC1810.CFE,IC,中证500股指期货,20150416,,"合约到期月份的第三个周五,遇法定节假日顺延(非完整周)",200.0,0.2指数点
IF1708.CFE,IF,沪深300期货,20100416,,"合约到期月份的第三个周五,遇法定节假日顺延(非完整周)",300.0,0.2指数点
IC1708.CFE,IC,中证500股指期货,20150416,,"合约到期月份的第三个周五,遇法定节假日顺延(非完整周)",200.0,0.2指数点
IF1404.CFE,IF,沪深300期货,20100416,,"合约到期月份的第三个周五,遇法定节假日顺延(非完整周)",300.0,0.2指数点
IF1405.CFE,IF,沪深300期货,20100416,,"合约到期月份的第三个周五,遇法定节假日顺延(非完整周)",300.0,0.2指数点
IF1206.CFE,IF,沪深300期货,20100416,,"合约到期月份的第三个周五,遇法定节假日顺延(非完整周)",300.0,0.2指数点
IF1203.CFE,IF,沪深300期货,20100416,,"合约到期月份的第三个周五,遇法定节假日顺延(非完整周)",300.0,0.2指数点
IF1302.CFE,IF,沪深300期货,20100416,,"合约到期月份的第三个周五,遇法定节假日顺延(非完整周)",300.0,0.2指数点
IC1801.CFE,IC,中证500股指期货,20150416,,"合约到期月份的第三个周五,遇法定节假日顺延(非完整周)",200.0,0.2指数点
IF1801.CFE,IF,沪深300期货,20100416,,"合约到期月份的第三个周五,遇法定节假日顺延(非完整周)",300.0,0.2指数点
IF1501.CFE,IF,沪深300期货,20100416,,"合约到期月份的第三个周五,遇法定节假日顺延(非完整周)",300.0,0.2指数点
IM_S1701.SHF,IM_S,上期有色金属期货价格指数期货(仿真),20140519,,合约到期月份的倒数第五个交易日（春节所在月份可根据国家规定的放假安排进行调整）,10.0,0.2指数点
IM2309.CFE,IM,中证1000股指期货,20220722,,"合约到期月份的第三个周五,遇法定节假日顺延(非完整周)",200.0,0.2指数点
IF2012.CFE,IF,沪深300期货,20100416,,"合约到期月份的第三个周五,遇法定节假日顺延(非完整周)",300.0,0.2指数点
IC2012.CFE,IC,中证500股指期货,20150416,,"合约到期月份的第三个周五,遇法定节假日顺延(非完整周)",200.0,0.2指数点
IF1303.CFE,IF,沪深300期货,20100416,,"合约到期月份的第三个周五,遇法定节假日顺延(非完整周)",300.0,0.2指数点
IF1210.CFE,IF,沪深300期货,20100416,,"合约到期月份的第三个周五,遇法定节假日顺延(非完整周)",300.0,0.2指数点
IF1903.CFE,IF,沪深300期货,20100416,,"合约到期月份的第三个周五,遇法定节假日顺延(非完整周)",300.0,0.2指数点
IC1903.CFE,IC,中证500股指期货,20150416,,"合约到期月份的第三个周五,遇法定节假日顺延(非完整周)",200.0,0.2指数点
IM_S1810.SHF,IM_S,上期有色金属期货价格指数期货(仿真),20140519,,合约到期月份的倒数第五个交易日（春节所在月份可根据国家规定的放假安排进行调整）,10.0,0.2指数点
IC1912.CFE,IC,中证500股指期货,20150416,,"合约到期月份的第三个周五,遇法定节假日顺延(非完整周)",200.0,0.2指数点
IF1408.CFE,IF,沪深300期货,20100416,,"合约到期月份的第三个周五,遇法定节假日顺延(非完整周)",300.0,0.2指数点
IM_S1410.SHF,IM_S,上期有色金属期货价格指数期货(仿真),20140519,,合约到期月份的倒数第五个交易日（春节所在月份可根据国家规定的放假安排进行调整）,10.0,0.2指数点
IC2209.CFE,IC,中证500股指期货,20150416,,"合约到期月份的第三个周五,遇法定节假日顺延(非完整周)",200.0,0.2指数点
IF2209.CFE,IF,沪深300期货,20100416,,"合约到期月份的第三个周五,遇法定节假日顺延(非完整周)",300.0,0.2指数点
IM_S1608.SHF,IM_S,上期有色金属期货价格指数期货(仿真),20140519,,合约到期月份的倒数第五个交易日（春节所在月份可根据国家规定的放假安排进行调整）,10.0,0.2指数点
IFM0703.CFE,IFM,沪深300期货(仿真),20061030,20100415,"合约到期月份的第三个周五,遇法定节假日顺延(非完整周)",300.0,0.2指数点
IFM0704.CFE,IFM,沪深300期货(仿真),20061030,20100415,"合约到期月份的第三个周五,遇法定节假日顺延(非完整周)",300.0,0.2指数点
IFM0705.CFE,IFM,沪深300期货(仿真),20061030,20100415,"合约到期月份的第三个周五,遇法定节假日顺延(非完整周)",300.0,0.2指数点
IFM0706.CFE,IFM,沪深300期货(仿真),20061030,20100415,"合约到期月份的第三个周五,遇法定节假日顺延(非完整周)",300.0,0.2指数点
IFM0708.CFE,IFM,沪深300期货(仿真),20061030,20100415,"合约到期月份的第三个周五,遇法定节假日顺延(非完整周)",300.0,0.2指数点
IFM0709.CFE,IFM,沪深300期货(仿真),20061030,20100415,"合约到期月份的第三个周五,遇法定节假日顺延(非完整周)",300.0,0.2指数点
IFM0710.CFE,IFM,沪深300期货(仿真),20061030,20100415,"合约到期月份的第三个周五,遇法定节假日顺延(非完整周)",300.0,0.2指数点
IFM0711.CFE,IFM,沪深300期货(仿真),20061030,20100415,"合约到期月份的第三个周五,遇法定节假日顺延(非完整周)",300.0,0.2指数点
IFM0712.CFE,IFM,沪深300期货(仿真),20061030,20100415,"合约到期月份的第三个周五,遇法定节假日顺延(非完整周)",300.0,0.2指数点
IFM0801.CFE,IFM,沪深300期货(仿真),20061030,20100415,"合约到期月份的第三个周五,遇法定节假日顺延(非完整周)",300.0,0.2指数点
IFM0802.CFE,IFM,沪深300期货(仿真),20061030,20100415,"合约到期月份的第三个周五,遇法定节假日顺延(非完整周)",300.0,0.2指数点
IFM0803.CFE,IFM,沪深300期货(仿真),20061030,20100415,"合约到期月份的第三个周五,遇法定节假日顺延(非完整周)",300.0,0.2指数点
IFM0805.CFE,IFM,沪深300期货(仿真),20061030,20100415,"合约到期月份的第三个周五,遇法定节假日顺延(非完整周)",300.0,0.2指数点
IFM0806.CFE,IFM,沪深300期货(仿真),20061030,20100415,"合约到期月份的第三个周五,遇法定节假日顺延(非完整周)",300.0,0.2指数点
IM_S1602.SHF,IM_S,上期有色金属期货价格指数期货(仿真),20140519,,合约到期月份的倒数第五个交易日（春节所在月份可根据国家规定的放假安排进行调整）,10.0,0.2指数点
IC2101.CFE,IC,中证500股指期货,20150416,,"合约到期月份的第三个周五,遇法定节假日顺延(非完整周)",200.0,0.2指数点
IF2101.CFE,IF,沪深300期货,20100416,,"合约到期月份的第三个周五,遇法定节假日顺延(非完整周)",300.0,0.2指数点
IF1908.CFE,IF,沪深300期货,20100416,,"合约到期月份的第三个周五,遇法定节假日顺延(非完整周)",300.0,0.2指数点
IC2202.CFE,IC,中证500股指期货,20150416,,"合约到期月份的第三个周五,遇法定节假日顺延(非完整周)",200.0,0.2指数点
IF2202.CFE,IF,沪深300期货,20100416,,"合约到期月份的第三个周五,遇法定节假日顺延(非完整周)",300.0,0.2指数点
IF1106.CFE,IF,沪深300期货,20100416,,"合约到期月份的第三个周五,遇法定节假日顺延(非完整周)",300.0,0.2指数点
IF1104.CFE,IF,沪深300期货,20100416,,"合约到期月份的第三个周五,遇法定节假日顺延(非完整周)",300.0,0.2指数点
IM_S1503.SHF,IM_S,上期有色金属期货价格指数期货(仿真),20140519,,合约到期月份的倒数第五个交易日（春节所在月份可根据国家规定的放假安排进行调整）,10.0,0.2指数点
IF2310.CFE,IF,沪深300期货,20100416,,"合约到期月份的第三个周五,遇法定节假日顺延(非完整周)",300.0,0.2指数点
IC2310.CFE,IC,中证500股指期货,20150416,,"合约到期月份的第三个周五,遇法定节假日顺延(非完整周)",200.0,0.2指数点
IM2310.CFE,IM,中证1000股指期货,20220722,,"合约到期月份的第三个周五,遇法定节假日顺延(非完整周)",200.0,0.2指数点
IF1212.CFE,IF,沪深300期货,20100416,,"合约到期月份的第三个周五,遇法定节假日顺延(非完整周)",300.0,0.2指数点
IF1207.CFE,IF,沪深300期货,20100416,,"合约到期月份的第三个周五,遇法定节假日顺延(非完整周)",300.0,0.2指数点
IC2405.CFE,IC,中证500股指期货,20150416,,"合约到期月份的第三个周五,遇法定节假日顺延(非完整周)",200.0,0.2指数点
IF2409.CFE,IF,沪深300期货,20100416,,"合约到期月份的第三个周五,遇法定节假日顺延(非完整周)",300.0,0.2指数点
IF2405.CFE,IF,沪深300期货,20100416,,"合约到期月份的第三个周五,遇法定节假日顺延(非完整周)",300.0,0.2指数点
IF1110.CFE,IF,沪深300期货,20100416,,"合约到期月份的第三个周五,遇法定节假日顺延(非完整周)",300.0,0.2指数点
IF1111.CFE,IF,沪深300期货,20100416,,"合约到期月份的第三个周五,遇法定节假日顺延(非完整周)",300.0,0.2指数点
IC2305.CFE,IC,中证500股指期货,20150416,,"合约到期月份的第三个周五,遇法定节假日顺延(非完整周)",200.0,0.2指数点
IC2406.CFE,IC,中证500股指期货,20150416,,"合约到期月份的第三个周五,遇法定节假日顺延(非完整周)",200.0,0.2指数点
IF2406.CFE,IF,沪深300期货,20100416,,"合约到期月份的第三个周五,遇法定节假日顺延(非完整周)",300.0,0.2指数点
IM2406.CFE,IM,中证1000股指期货,20220722,,"合约到期月份的第三个周五,遇法定节假日顺延(非完整周)",200.0,0.2指数点
IF1407.CFE,IF,沪深300期货,20100416,,"合约到期月份的第三个周五,遇法定节假日顺延(非完整周)",300.0,0.2指数点
IM_S1712.SHF,IM_S,上期有色金属期货价格指数期货(仿真),20140519,,合约到期月份的倒数第五个交易日（春节所在月份可根据国家规定的放假安排进行调整）,10.0,0.2指数点
IF1403.CFE,IF,沪深300期货,20100416,,"合约到期月份的第三个周五,遇法定节假日顺延(非完整周)",300.0,0.2指数点
IC2112.CFE,IC,中证500股指期货,20150416,,"合约到期月份的第三个周五,遇法定节假日顺延(非完整周)",200.0,0.2指数点
IM2409.CFE,IM,中证1000股指期货,20220722,,"合约到期月份的第三个周五,遇法定节假日顺延(非完整周)",200.0,0.2指数点
IC2409.CFE,IC,中证500股指期货,20150416,,"合约到期月份的第三个周五,遇法定节假日顺延(非完整周)",200.0,0.2指数点
IC1902.CFE,IC,中证500股指期货,20150416,,"合约到期月份的第三个周五,遇法定节假日顺延(非完整周)",200.0,0.2指数点
IF1902.CFE,IF,沪深300期货,20100416,,"合约到期月份的第三个周五,遇法定节假日顺延(非完整周)",300.0,0.2指数点
IF1909.CFE,IF,沪深300期货,20100416,,"合约到期月份的第三个周五,遇法定节假日顺延(非完整周)",300.0,0.2指数点
IC1909.CFE,IC,中证500股指期货,20150416,,"合约到期月份的第三个周五,遇法定节假日顺延(非完整周)",200.0,0.2指数点
IFM1004.CFE,IFM,沪深300期货(仿真),20061030,20100415,"合约到期月份的第三个周五,遇法定节假日顺延(非完整周)",300.0,0.2指数点
IF1202.CFE,IF,沪深300期货,20100416,,"合约到期月份的第三个周五,遇法定节假日顺延(非完整周)",300.0,0.2指数点
IF1102.CFE,IF,沪深300期货,20100416,,"合约到期月份的第三个周五,遇法定节假日顺延(非完整周)",300.0,0.2指数点
IF1103.CFE,IF,沪深300期货,20100416,,"合约到期月份的第三个周五,遇法定节假日顺延(非完整周)",300.0,0.2指数点
IFM0701.CFE,IFM,沪深300期货(仿真),20061030,20100415,"合约到期月份的第三个周五,遇法定节假日顺延(非完整周)",300.0,0.2指数点
IFM0807.CFE,IFM,沪深300期货(仿真),20061030,20100415,"合约到期月份的第三个周五,遇法定节假日顺延(非完整周)",300.0,0.2指数点
IM_S1508.SHF,IM_S,上期有色金属期货价格指数期货(仿真),20140519,,合约到期月份的倒数第五个交易日（春节所在月份可根据国家规定的放假安排进行调整）,10.0,0.2指数点
IF1412.CFE,IF,沪深300期货,20100416,,"合约到期月份的第三个周五,遇法定节假日顺延(非完整周)",300.0,0.2指数点
IM_S1709.SHF,IM_S,上期有色金属期货价格指数期货(仿真),20140519,,合约到期月份的倒数第五个交易日（春节所在月份可根据国家规定的放假安排进行调整）,10.0,0.2指数点
IF1802.CFE,IF,沪深300期货,20100416,,"合约到期月份的第三个周五,遇法定节假日顺延(非完整周)",300.0,0.2指数点
IC1701.CFE,IC,中证500股指期货,20150416,,"合约到期月份的第三个周五,遇法定节假日顺延(非完整周)",200.0,0.2指数点
IF1701.CFE,IF,沪深300期货,20100416,,"合约到期月份的第三个周五,遇法定节假日顺延(非完整周)",300.0,0.2指数点
IC2109.CFE,IC,中证500股指期货,20150416,,"合约到期月份的第三个周五,遇法定节假日顺延(非完整周)",200.0,0.2指数点
IC1511.CFE,IC,中证500股指期货,20150416,,"合约到期月份的第三个周五,遇法定节假日顺延(非完整周)",200.0,0.2指数点
IM_S1605.SHF,IM_S,上期有色金属期货价格指数期货(仿真),20140519,,合约到期月份的倒数第五个交易日（春节所在月份可根据国家规定的放假安排进行调整）,10.0,0.2指数点
IC1604.CFE,IC,中证500股指期货,20150416,,"合约到期月份的第三个周五,遇法定节假日顺延(非完整周)",200.0,0.2指数点
IF1604.CFE,IF,沪深300期货,20100416,,"合约到期月份的第三个周五,遇法定节假日顺延(非完整周)",300.0,0.2指数点
IF2111.CFE,IF,沪深300期货,20100416,,"合约到期月份的第三个周五,遇法定节假日顺延(非完整周)",300.0,0.2指数点
IC2111.CFE,IC,中证500股指期货,20150416,,"合约到期月份的第三个周五,遇法定节假日顺延(非完整周)",200.0,0.2指数点
IC2412.CFE,IC,中证500股指期货,20150416,,"合约到期月份的第三个周五,遇法定节假日顺延(非完整周)",200.0,0.2指数点
IM2412.CFE,IM,中证1000股指期货,20220722,,"合约到期月份的第三个周五,遇法定节假日顺延(非完整周)",200.0,0.2指数点
IF1508.CFE,IF,沪深300期货,20100416,,"合约到期月份的第三个周五,遇法定节假日顺延(非完整周)",300.0,0.2指数点
IC1508.CFE,IC,中证500股指期货,20150416,,"合约到期月份的第三个周五,遇法定节假日顺延(非完整周)",200.0,0.2指数点
IM_S1909.SHF,IM_S,上期有色金属期货价格指数期货(仿真),20140519,,合约到期月份的倒数第五个交易日（春节所在月份可根据国家规定的放假安排进行调整）,10.0,0.2指数点
IF1410.CFE,IF,沪深300期货,20100416,,"合约到期月份的第三个周五,遇法定节假日顺延(非完整周)",300.0,0.2指数点
IM_S1411.SHF,IM_S,上期有色金属期货价格指数期货(仿真),20140519,,合约到期月份的倒数第五个交易日（春节所在月份可根据国家规定的放假安排进行调整）,10.0,0.2指数点
IF1912.CFE,IF,沪深300期货,20100416,,"合约到期月份的第三个周五,遇法定节假日顺延(非完整周)",300.0,0.2指数点
IF2309.CFE,IF,沪深300期货,20100416,,"合约到期月份的第三个周五,遇法定节假日顺延(非完整周)",300.0,0.2指数点
IC2309.CFE,IC,中证500股指期货,20150416,,"合约到期月份的第三个周五,遇法定节假日顺延(非完整周)",200.0,0.2指数点
IM_S1907.SHF,IM_S,上期有色金属期货价格指数期货(仿真),20140519,,合约到期月份的倒数第五个交易日（春节所在月份可根据国家规定的放假安排进行调整）,10.0,0.2指数点
IM_S1705.SHF,IM_S,上期有色金属期货价格指数期货(仿真),20140519,,合约到期月份的倒数第五个交易日（春节所在月份可根据国家规定的放假安排进行调整）,10.0,0.2指数点
IF1301.CFE,IF,沪深300期货,20100416,,"合约到期月份的第三个周五,遇法定节假日顺延(非完整周)",300.0,0.2指数点
IF1306.CFE,IF,沪深300期货,20100416,,"合约到期月份的第三个周五,遇法定节假日顺延(非完整周)",300.0,0.2指数点
IC2303.CFE,IC,中证500股指期货,20150416,,"合约到期月份的第三个周五,遇法定节假日顺延(非完整周)",200.0,0.2指数点
IF2303.CFE,IF,沪深300期货,20100416,,"合约到期月份的第三个周五,遇法定节假日顺延(非完整周)",300.0,0.2指数点
IF1406.CFE,IF,沪深300期货,20100416,,"合约到期月份的第三个周五,遇法定节假日顺延(非完整周)",300.0,0.2指数点
IF2206.CFE,IF,沪深300期货,20100416,,"合约到期月份的第三个周五,遇法定节假日顺延(非完整周)",300.0,0.2指数点
IC2206.CFE,IC,中证500股指期货,20150416,,"合约到期月份的第三个周五,遇法定节假日顺延(非完整周)",200.0,0.2指数点
IC1601.CFE,IC,中证500股指期货,20150416,,"合约到期月份的第三个周五,遇法定节假日顺延(非完整周)",200.0,0.2指数点
IF1601.CFE,IF,沪深300期货,20100416,,"合约到期月份的第三个周五,遇法定节假日顺延(非完整周)",300.0,0.2指数点
IF2306.CFE,IF,沪深300期货,20100416,,"合约到期月份的第三个周五,遇法定节假日顺延(非完整周)",300.0,0.2指数点
IM2306.CFE,IM,中证1000股指期货,20220722,,"合约到期月份的第三个周五,遇法定节假日顺延(非完整周)",200.0,0.2指数点
IC2306.CFE,IC,中证500股指期货,20150416,,"合约到期月份的第三个周五,遇法定节假日顺延(非完整周)",200.0,0.2指数点
IF1812.CFE,IF,沪深300期货,20100416,,"合约到期月份的第三个周五,遇法定节假日顺延(非完整周)",300.0,0.2指数点
IC1812.CFE,IC,中证500股指期货,20150416,,"合约到期月份的第三个周五,遇法定节假日顺延(非完整周)",200.0,0.2指数点
IM_S1807.SHF,IM_S,上期有色金属期货价格指数期货(仿真),20140519,,合约到期月份的倒数第五个交易日（春节所在月份可根据国家规定的放假安排进行调整）,10.0,0.2指数点
IM_S1607.SHF,IM_S,上期有色金属期货价格指数期货(仿真),20140519,,合约到期月份的倒数第五个交易日（春节所在月份可根据国家规定的放假安排进行调整）,10.0,0.2指数点
IF1607.CFE,IF,沪深300期货,20100416,,"合约到期月份的第三个周五,遇法定节假日顺延(非完整周)",300.0,0.2指数点
IC1607.CFE,IC,中证500股指期货,20150416,,"合约到期月份的第三个周五,遇法定节假日顺延(非完整周)",200.0,0.2指数点
IF1201.CFE,IF,沪深300期货,20100416,,"合约到期月份的第三个周五,遇法定节假日顺延(非完整周)",300.0,0.2指数点
IF2105.CFE,IF,沪深300期货,20100416,,"合约到期月份的第三个周五,遇法定节假日顺延(非完整周)",300.0,0.2指数点
IC2107.CFE,IC,中证500股指期货,20150416,,"合约到期月份的第三个周五,遇法定节假日顺延(非完整周)",200.0,0.2指数点
IF2107.CFE,IF,沪深300期货,20100416,,"合约到期月份的第三个周五,遇法定节假日顺延(非完整周)",300.0,0.2指数点
IFM0911.CFE,IFM,沪深300期货(仿真),20061030,20100415,"合约到期月份的第三个周五,遇法定节假日顺延(非完整周)",300.0,0.2指数点
IFM0912.CFE,IFM,沪深300期货(仿真),20061030,20100415,"合约到期月份的第三个周五,遇法定节假日顺延(非完整周)",300.0,0.2指数点
IFM0902.CFE,IFM,沪深300期货(仿真),20061030,20100415,"合约到期月份的第三个周五,遇法定节假日顺延(非完整周)",300.0,0.2指数点
IFM0702.CFE,IFM,沪深300期货(仿真),20061030,20100415,"合约到期月份的第三个周五,遇法定节假日顺延(非完整周)",300.0,0.2指数点
IFM0707.CFE,IFM,沪深300期货(仿真),20061030,20100415,"合约到期月份的第三个周五,遇法定节假日顺延(非完整周)",300.0,0.2指数点
IM2308.CFE,IM,中证1000股指期货,20220722,,"合约到期月份的第三个周五,遇法定节假日顺延(非完整周)",200.0,0.2指数点
IC2308.CFE,IC,中证500股指期货,20150416,,"合约到期月份的第三个周五,遇法定节假日顺延(非完整周)",200.0,0.2指数点
IF1310.CFE,IF,沪深300期货,20100416,,"合约到期月份的第三个周五,遇法定节假日顺延(非完整周)",300.0,0.2指数点
IF1311.CFE,IF,沪深300期货,20100416,,"合约到期月份的第三个周五,遇法定节假日顺延(非完整周)",300.0,0.2指数点
IFM1003.CFE,IFM,沪深300期货(仿真),20061030,20100415,"合约到期月份的第三个周五,遇法定节假日顺延(非完整周)",300.0,0.2指数点
IF2212.CFE,IF,沪深300期货,20100416,,"合约到期月份的第三个周五,遇法定节假日顺延(非完整周)",300.0,0.2指数点
IC2212.CFE,IC,中证500股指期货,20150416,,"合约到期月份的第三个周五,遇法定节假日顺延(非完整周)",200.0,0.2指数点
IF1205.CFE,IF,沪深300期货,20100416,,"合约到期月份的第三个周五,遇法定节假日顺延(非完整周)",300.0,0.2指数点
IM2304.CFE,IM,中证1000股指期货,20220722,,"合约到期月份的第三个周五,遇法定节假日顺延(非完整周)",200.0,0.2指数点
IC2304.CFE,IC,中证500股指期货,20150416,,"合约到期月份的第三个周五,遇法定节假日顺延(非完整周)",200.0,0.2指数点
IF2304.CFE,IF,沪深300期货,20100416,,"合约到期月份的第三个周五,遇法定节假日顺延(非完整周)",300.0,0.2指数点
IC1606.CFE,IC,中证500股指期货,20150416,,"合约到期月份的第三个周五,遇法定节假日顺延(非完整周)",200.0,0.2指数点
IF1606.CFE,IF,沪深300期货,20100416,,"合约到期月份的第三个周五,遇法定节假日顺延(非完整周)",300.0,0.2指数点
IM_S1804.SHF,IM_S,上期有色金属期货价格指数期货(仿真),20140519,,合约到期月份的倒数第五个交易日（春节所在月份可根据国家规定的放假安排进行调整）,10.0,0.2指数点
IC2408.CFE,IC,中证500股指期货,20150416,,"合约到期月份的第三个周五,遇法定节假日顺延(非完整周)",200.0,0.2指数点
IF2408.CFE,IF,沪深300期货,20100416,,"合约到期月份的第三个周五,遇法定节假日顺延(非完整周)",300.0,0.2指数点
IM2408.CFE,IM,中证1000股指期货,20220722,,"合约到期月份的第三个周五,遇法定节假日顺延(非完整周)",200.0,0.2指数点
IC2503.CFE,IC,中证500股指期货,20150416,,"合约到期月份的第三个周五,遇法定节假日顺延(非完整周)",200.0,0.2指数点
IM2503.CFE,IM,中证1000股指期货,20220722,,"合约到期月份的第三个周五,遇法定节假日顺延(非完整周)",200.0,0.2指数点
IF2503.CFE,IF,沪深300期货,20100416,,"合约到期月份的第三个周五,遇法定节假日顺延(非完整周)",300.0,0.2指数点
IM2410.CFE,IM,中证1000股指期货,20220722,,"合约到期月份的第三个周五,遇法定节假日顺延(非完整周)",200.0,0.2指数点
IC2410.CFE,IC,中证500股指期货,20150416,,"合约到期月份的第三个周五,遇法定节假日顺延(非完整周)",200.0,0.2指数点
IF2410.CFE,IF,沪深300期货,20100416,,"合约到期月份的第三个周五,遇法定节假日顺延(非完整周)",300.0,0.2指数点
IM2411.CFE,IM,中证1000股指期货,20220722,,"合约到期月份的第三个周五,遇法定节假日顺延(非完整周)",200.0,0.2指数点
IF2411.CFE,IF,沪深300期货,20100416,,"合约到期月份的第三个周五,遇法定节假日顺延(非完整周)",300.0,0.2指数点
IC2411.CFE,IC,中证500股指期货,20150416,,"合约到期月份的第三个周五,遇法定节假日顺延(非完整周)",200.0,0.2指数点
IC2506.CFE,IC,中证500股指期货,20150416,,"合约到期月份的第三个周五,遇法定节假日顺延(非完整周)",200.0,0.2指数点
IM2506.CFE,IM,中证1000股指期货,20220722,,"合约到期月份的第三个周五,遇法定节假日顺延(非完整周)",200.0,0.2指数点
IF2506.CFE,IF,沪深300期货,20100416,,"合约到期月份的第三个周五,遇法定节假日顺延(非完整周)",300.0,0.2指数点
IC2501.CFE,IC,中证500股指期货,20150416,,"合约到期月份的第三个周五,遇法定节假日顺延(非完整周)",200.0,0.2指数点
IF2501.CFE,IF,沪深300期货,20100416,,"合约到期月份的第三个周五,遇法定节假日顺延(非完整周)",300.0,0.2指数点
IM2501.CFE,IM,中证1000股指期货,20220722,,"合约到期月份的第三个周五,遇法定节假日顺延(非完整周)",200.0,0.2指数点
IM2502.CFE,IM,中证1000股指期货,20220722,,"合约到期月份的第三个周五,遇法定节假日顺延(非完整周)",200.0,0.2指数点
IC2502.CFE,IC,中证500股指期货,20150416,,"合约到期月份的第三个周五,遇法定节假日顺延(非完整周)",200.0,0.2指数点
IF2502.CFE,IF,沪深300期货,20100416,,"合约到期月份的第三个周五,遇法定节假日顺延(非完整周)",300.0,0.2指数点
IC2509.CFE,IC,中证500股指期货,20150416,,"合约到期月份的第三个周五,遇法定节假日顺延(非完整周)",200.0,0.2指数点
IF2509.CFE,IF,沪深300期货,20100416,,"合约到期月份的第三个周五,遇法定节假日顺延(非完整周)",300.0,0.2指数点
IM2509.CFE,IM,中证1000股指期货,20220722,,"合约到期月份的第三个周五,遇法定节假日顺延(非完整周)",200.0,0.2指数点
IC2504.CFE,IC,中证500股指期货,20150416,,"合约到期月份的第三个周五,遇法定节假日顺延(非完整周)",200.0,0.2指数点
IF2504.CFE,IF,沪深300期货,20100416,,"合约到期月份的第三个周五,遇法定节假日顺延(非完整周)",300.0,0.2指数点
IM2504.CFE,IM,中证1000股指期货,20220722,,"合约到期月份的第三个周五,遇法定节假日顺延(非完整周)",200.0,0.2指数点
IM2505.CFE,IM,中证1000股指期货,20220722,,"合约到期月份的第三个周五,遇法定节假日顺延(非完整周)",200.0,0.2指数点
IC2505.CFE,IC,中证500股指期货,20150416,,"合约到期月份的第三个周五,遇法定节假日顺延(非完整周)",200.0,0.2指数点
IF2505.CFE,IF,沪深300期货,20100416,,"合约到期月份的第三个周五,遇法定节假日顺延(非完整周)",300.0,0.2指数点
IM2512.CFE,IM,中证1000股指期货,20220722,,"合约到期月份的第三个周五,遇法定节假日顺延(非完整周)",200.0,0.2指数点
IF2512.CFE,IF,沪深300期货,20100416,,"合约到期月份的第三个周五,遇法定节假日顺延(非完整周)",300.0,0.2指数点
IC2512.CFE,IC,中证500股指期货,20150416,,"合约到期月份的第三个周五,遇法定节假日顺延(非完整周)",200.0,0.2指数点
IM2507.CFE,IM,中证1000股指期货,20220722,,"合约到期月份的第三个周五,遇法定节假日顺延(非完整周)",200.0,0.2指数点
IC2507.CFE,IC,中证500股指期货,20150416,,"合约到期月份的第三个周五,遇法定节假日顺延(非完整周)",200.0,0.2指数点
IF2507.CFE,IF,沪深300期货,20100416,,"合约到期月份的第三个周五,遇法定节假日顺延(非完整周)",300.0,0.2指数点
IC2508.CFE,IC,中证500股指期货,20150416,,"合约到期月份的第三个周五,遇法定节假日顺延(非完整周)",200.0,0.2指数点
IF2508.CFE,IF,沪深300期货,20100416,,"合约到期月份的第三个周五,遇法定节假日顺延(非完整周)",300.0,0.2指数点
IM2508.CFE,IM,中证1000股指期货,20220722,,"合约到期月份的第三个周五,遇法定节假日顺延(非完整周)",200.0,0.2指数点
IM2603.CFE,IM,中证1000股指期货,20220722,,"合约到期月份的第三个周五,遇法定节假日顺延(非完整周)",200.0,0.2指数点
IF2603.CFE,IF,沪深300期货,20100416,,"合约到期月份的第三个周五,遇法定节假日顺延(非完整周)",300.0,0.2指数点
IC2603.CFE,IC,中证500股指期货,20150416,,"合约到期月份的第三个周五,遇法定节假日顺延(非完整周)",200.0,0.2指数点
IF2510.CFE,IF,沪深300期货,20100416,,"合约到期月份的第三个周五,遇法定节假日顺延(非完整周)",300.0,0.2指数点
IM2510.CFE,IM,中证1000股指期货,20220722,,"合约到期月份的第三个周五,遇法定节假日顺延(非完整周)",200.0,0.2指数点
IC2511.CFE,IC,中证500股指期货,20150416,,"合约到期月份的第三个周五,遇法定节假日顺延(非完整周)",200.0,0.2指数点
IF2511.CFE,IF,沪深300期货,20100416,,"合约到期月份的第三个周五,遇法定节假日顺延(非完整周)",300.0,0.2指数点
IM2511.CFE,IM,中证1000股指期货,20220722,,"合约到期月份的第三个周五,遇法定节假日顺延(非完整周)",200.0,0.2指数点
IC2510.CFE,IC,中证500股指期货,20150416,,"合约到期月份的第三个周五,遇法定节假日顺延(非完整周)",200.0,0.2指数点
IC2606.CFE,IC,中证500股指期货,20150416,,"合约到期月份的第三个周五,遇法定节假日顺延(非完整周)",200.0,0.2指数点
IF2606.CFE,IF,沪深300期货,20100416,,"合约到期月份的第三个周五,遇法定节假日顺延(非完整周)",300.0,0.2指数点
IM2606.CFE,IM,中证1000股指期货,20220722,,"合约到期月份的第三个周五,遇法定节假日顺延(非完整周)",200.0,0.2指数点
IF2601.CFE,IF,沪深300期货,20100416,,"合约到期月份的第三个周五,遇法定节假日顺延(非完整周)",300.0,0.2指数点
IM2601.CFE,IM,中证1000股指期货,20220722,,"合约到期月份的第三个周五,遇法定节假日顺延(非完整周)",200.0,0.2指数点
IC2601.CFE,IC,中证500股指期货,20150416,,"合约到期月份的第三个周五,遇法定节假日顺延(非完整周)",200.0,0.2指数点
